site,site.code,trees,Gra.gri.v,Ako.dol.v,Cal.mus.v,Mic.aus.v,Dol.pat.v,Lyc.gri.v,Cone.chi.v,Cha.vell.v,Tup.ruf.v,Cte.men.v,Bos.tau.v,Equ.cab.v,Gra.gri.c,Ako.dol.c,Cal.mus.c,Mic.aus.c,Dol.pat.c,Lyc.gri.c,Cone.chi.c,Cha.vell.c,Tup.ruf.c,Cte.men.c,Bos.tau.c,Equ.cab.c,Gra.gri,Ako.dol,Cal.mus,Mic.aus,Dol.pat,Lyc.gri,Cone.chi,Cha.vell,Tup.ruf,Cte.men,Bos.tau,Equ.cab
grazed,domenico,T1,0,0,0,0,0,0,0,0,0,0,0,1,0,0,0,0,0,0,0,0,0,0,0,20,0,0,0,0,0,0,0,0,0,0,0,20
grazed,domenico,T2,0,0,0,3,0,0,0,0,0,0,0,0,0,0,0,20,0,0,0,0,0,0,0,0,0,0,0,60,0,0,0,0,0,0,0,0
grazed,domenico,T3,0,0,0,0,0,0,0,0,0,0,2,1,0,0,0,0,0,0,0,0,0,0,14,6,0,0,0,0,0,0,0,0,0,0,28,6
grazed,domenico,T4,1,0,0,0,0,0,0,0,0,0,1,0,3,0,0,0,0,0,0,0,0,0,12,0,3,0,0,0,0,0,0,0,0,0,12,0
grazed,domenico,T5,1,0,0,5,0,0,0,0,0,0,0,0,1,0,0,19,0,0,0,0,0,0,0,0,1,0,0,95,0,0,0,0,0,0,0,0
grazed,domenico,T6,0,0,0,5,0,0,0,0,0,0,0,0,0,0,0,20,0,0,0,0,0,0,0,0,0,0,0,100,0,0,0,0,0,0,0,0
grazed,domenico,T7,2,0,0,0,0,0,0,0,0,0,0,0,4,0,0,0,0,0,0,0,0,0,0,0,8,0,0,0,0,0,0,0,0,0,0,0
grazed,domenico,T8,0,0,0,0,0,1,0,0,0,0,1,0,0,0,0,0,0,5,0,0,0,0,11,0,0,0,0,0,0,5,0,0,0,0,11,0
grazed,domenico,T9,0,0,0,0,0,2,0,0,0,0,0,0,0,0,0,0,0,20,0,0,0,0,0,0,0,0,0,0,0,40,0,0,0,0,0,0
grazed,domenico,T10,0,0,0,0,0,0,0,0,0,0,0,1,0,0,0,0,0,0,0,0,0,0,0,20,0,0,0,0,0,0,0,0,0,0,0,20
grazed,domenico,T11,0,0,0,4,0,0,0,1,0,0,0,0,0,0,0,8,0,0,0,4,0,0,0,0,0,0,0,32,0,0,0,4,0,0,0,0
grazed,domenico,T12,0,0,0,0,0,0,1,1,0,0,0,0,0,0,0,0,0,0,1,5,0,0,0,0,0,0,0,0,0,0,1,5,0,0,0,0
grazed,domenico,T13,0,0,0,1,1,0,0,0,0,0,0,0,0,0,0,6,3,0,0,0,0,0,0,0,0,0,0,6,3,0,0,0,0,0,0,0
grazed,domenico,T14,0,0,0,5,0,0,0,0,0,0,0,0,0,0,0,20,0,0,0,0,0,0,0,0,0,0,0,100,0,0,0,0,0,0,0,0
grazed,domenico,T15,0,0,0,2,0,0,0,0,0,0,1,0,0,0,0,5,0,0,0,0,0,0,15,0,0,0,0,10,0,0,0,0,0,0,15,0
grazed,domenico,T16,0,0,0,0,0,0,0,0,0,0,2,0,0,0,0,0,0,0,0,0,0,0,20,0,0,0,0,0,0,0,0,0,0,0,40,0
grazed,domenico,T17,0,0,0,9,0,0,0,0,0,0,0,0,0,0,0,20,0,0,0,0,0,0,0,0,0,0,0,180,0,0,0,0,0,0,0,0
grazed,domenico,T18,1,0,0,0,0,0,0,0,0,0,0,0,2,0,0,0,0,0,0,0,0,0,0,0,2,0,0,0,0,0,0,0,0,0,0,0
grazed,domenico,T19,0,0,0,4,0,0,0,0,0,0,0,0,0,0,0,18,0,0,0,0,0,0,0,0,0,0,0,72,0,0,0,0,0,0,0,0
grazed,domenico,T20,0,0,0,8,0,0,0,0,0,0,0,0,0,0,0,20,0,0,0,0,0,0,0,0,0,0,0,160,0,0,0,0,0,0,0,0
grazed,domenico,T21,11,0,0,1,0,0,0,0,0,0,0,0,18,0,0,2,0,0,0,0,0,0,0,0,198,0,0,2,0,0,0,0,0,0,0,0
grazed,domenico,T22,0,0,0,6,0,0,0,0,0,0,0,0,0,0,0,20,0,0,0,0,0,0,0,0,0,0,0,120,0,0,0,0,0,0,0,0
grazed,domenico,T23,0,0,0,5,0,1,0,0,0,0,0,0,0,0,0,9,0,11,0,0,0,0,0,0,0,0,0,45,0,11,0,0,0,0,0,0
grazed,domenico,T24,0,0,0,0,0,0,0,0,0,0,2,0,0,0,0,0,0,0,0,0,0,0,20,0,0,0,0,0,0,0,0,0,0,0,40,0
grazed,domenico,T25,0,0,0,0,0,0,0,0,0,0,1,0,0,0,0,0,0,0,0,0,0,0,20,0,0,0,0,0,0,0,0,0,0,0,20,0
grazed,domenico,T26,1,0,0,0,0,4,0,0,0,0,0,0,2,0,0,0,0,18,0,0,0,0,0,0,2,0,0,0,0,72,0,0,0,0,0,0
grazed,domenico,T27,1,0,0,0,0,0,0,0,0,0,0,0,1,0,0,0,0,0,0,0,0,0,0,0,1,0,0,0,0,0,0,0,0,0,0,0
grazed,domenico,T28,0,0,0,2,1,0,0,0,0,0,1,0,0,0,0,3,2,0,0,0,0,0,15,0,0,0,0,6,2,0,0,0,0,0,15,0
grazed,domenico,T29,4,0,0,0,0,0,0,0,0,0,1,0,4,0,0,0,0,0,0,0,0,0,16,0,16,0,0,0,0,0,0,0,0,0,16,0
grazed,domenico,T30,1,0,0,6,0,0,0,0,0,0,0,0,1,0,0,19,0,0,0,0,0,0,0,0,1,0,0,114,0,0,0,0,0,0,0,0
grazed,domenico,T31,1,0,0,5,0,0,0,2,0,0,0,0,1,0,0,12,0,0,0,5,0,0,0,0,1,0,0,60,0,0,0,10,0,0,0,0
grazed,domenico,T32,0,0,0,0,0,1,0,0,0,0,0,3,0,0,0,0,0,1,0,0,0,0,0,19,0,0,0,0,0,1,0,0,0,0,0,57
grazed,domenico,T33,0,0,0,4,0,0,0,1,0,0,0,0,0,0,0,19,0,0,0,1,0,0,0,0,0,0,0,76,0,0,0,1,0,0,0,0
grazed,domenico,T34,10,0,0,0,0,0,0,2,0,0,0,0,18,0,0,0,0,0,0,2,0,0,0,0,180,0,0,0,0,0,0,4,0,0,0,0
grazed,domenico,T35,1,0,0,0,0,0,0,0,0,0,0,0,2,0,0,0,0,0,0,0,0,0,0,0,2,0,0,0,0,0,0,0,0,0,0,0
grazed,domenico,T36,3,0,0,0,0,0,0,0,0,0,0,0,4,0,0,0,0,0,0,0,0,0,0,0,12,0,0,0,0,0,0,0,0,0,0,0
grazed,domenico,T37,0,0,0,4,0,0,0,0,0,0,0,0,0,0,0,16,0,0,0,0,0,0,0,0,0,0,0,64,0,0,0,0,0,0,0,0
grazed,domenico,T38,0,0,0,0,0,1,0,0,0,0,0,0,0,0,0,0,0,16,0,0,0,0,0,0,0,0,0,0,0,16,0,0,0,0,0,0
grazed,domenico,T39,0,0,0,6,0,1,0,0,0,0,0,0,0,0,0,17,0,3,0,0,0,0,0,0,0,0,0,102,0,3,0,0,0,0,0,0
grazed,domenico,T40,0,0,0,0,0,2,0,0,0,0,0,0,0,0,0,0,0,18,0,0,0,0,0,0,0,0,0,0,0,36,0,0,0,0,0,0
grazed,domenico,T41,2,0,0,4,0,0,0,0,0,0,0,0,3,0,0,17,0,0,0,0,0,0,0,0,6,0,0,68,0,0,0,0,0,0,0,0
grazed,domenico,T42,5,0,0,0,0,0,0,0,0,0,0,0,20,0,0,0,0,0,0,0,0,0,0,0,100,0,0,0,0,0,0,0,0,0,0,0
grazed,domenico,T43,0,0,0,0,0,1,0,0,0,0,1,0,0,0,0,0,0,14,0,0,0,0,6,0,0,0,0,0,0,14,0,0,0,0,6,0
grazed,domenico,T44,0,0,0,0,0,0,0,0,0,0,3,0,0,0,0,0,0,0,0,0,0,0,17,0,0,0,0,0,0,0,0,0,0,0,51,0
grazed,domenico,T45,0,0,0,0,0,0,0,0,0,0,2,0,0,0,0,0,0,0,0,0,0,0,19,0,0,0,0,0,0,0,0,0,0,0,38,0
grazed,domenico,T46,0,0,0,0,0,0,0,0,0,0,0,0,0,0,0,0,0,0,0,0,0,0,0,0,0,0,0,0,0,0,0,0,0,0,0,0
grazed,domenico,T47,4,0,0,0,0,0,0,0,0,0,0,0,10,0,0,0,0,0,0,0,0,0,0,0,40,0,0,0,0,0,0,0,0,0,0,0
grazed,domenico,T48,2,0,0,5,0,0,0,0,0,0,0,0,3,0,0,17,0,0,0,0,0,0,0,0,6,0,0,85,0,0,0,0,0,0,0,0
grazed,domenico,T49,0,0,0,0,0,0,0,0,0,0,0,0,0,0,0,0,0,0,0,0,0,0,0,0,0,0,0,0,0,0,0,0,0,0,0,0
grazed,domenico,T50,0,0,0,9,0,0,0,0,0,0,0,0,0,0,0,20,0,0,0,0,0,0,0,0,0,0,0,180,0,0,0,0,0,0,0,0
grazed,domenico,T51,0,0,0,0,0,0,0,0,0,0,0,0,0,0,0,0,0,0,0,0,0,0,0,0,0,0,0,0,0,0,0,0,0,0,0,0
grazed,domenico,T52,0,0,0,7,0,0,0,0,0,0,0,0,0,0,0,20,0,0,0,0,0,0,0,0,0,0,0,140,0,0,0,0,0,0,0,0
grazed,domenico,T53,0,0,0,4,0,1,0,0,0,0,0,0,0,0,0,15,0,5,0,0,0,0,0,0,0,0,0,60,0,5,0,0,0,0,0,0
grazed,domenico,T54,0,0,0,0,0,0,0,0,0,0,0,0,0,0,0,0,0,0,0,0,0,0,0,0,0,0,0,0,0,0,0,0,0,0,0,0
grazed,domenico,T55,0,0,0,8,0,0,0,0,0,0,0,0,0,0,0,20,0,0,0,0,0,0,0,0,0,0,0,160,0,0,0,0,0,0,0,0
grazed,domenico,T56,0,0,0,0,3,1,0,0,0,0,0,0,0,0,0,0,16,4,0,0,0,0,0,0,0,0,0,0,48,4,0,0,0,0,0,0
grazed,domenico,T57,0,0,0,0,0,3,0,0,0,0,0,0,0,0,0,0,0,10,0,0,0,0,0,0,0,0,0,0,0,30,0,0,0,0,0,0
grazed,domenico,T58,0,0,0,0,3,0,0,0,0,0,0,0,0,0,0,0,20,0,0,0,0,0,0,0,0,0,0,0,60,0,0,0,0,0,0,0
grazed,domenico,T59,0,0,0,2,0,1,0,0,0,0,0,0,0,0,0,17,0,3,0,0,0,0,0,0,0,0,0,34,0,3,0,0,0,0,0,0
grazed,domenico,T60,0,0,0,4,0,0,0,0,0,0,0,0,0,0,0,20,0,0,0,0,0,0,0,0,0,0,0,80,0,0,0,0,0,0,0,0
grazed,araya,T61,4,0,0,0,0,0,0,0,0,0,0,0,18,0,0,0,0,0,0,0,0,0,0,0,72,0,0,0,0,0,0,0,0,0,0,0
grazed,araya,T62,1,7,0,0,0,0,0,0,0,0,0,0,4,16,0,0,0,0,0,0,0,0,0,0,4,112,0,0,0,0,0,0,0,0,0,0
grazed,araya,T63,0,0,0,4,0,0,0,1,1,0,0,0,0,0,0,5,0,0,0,6,9,0,0,0,0,0,0,20,0,0,0,6,9,0,0,0
grazed,araya,T64,1,0,0,10,0,0,0,0,0,0,0,0,3,0,0,17,0,0,0,0,0,0,0,0,3,0,0,170,0,0,0,0,0,0,0,0
grazed,araya,T65,6,6,0,0,0,0,0,0,0,0,0,0,8,12,0,0,0,0,0,0,0,0,0,0,48,72,0,0,0,0,0,0,0,0,0,0
grazed,araya,T66,3,1,0,3,0,0,0,0,0,0,0,0,8,1,0,4,0,0,0,0,0,0,0,0,24,1,0,12,0,0,0,0,0,0,0,0
grazed,araya,T67,0,0,0,0,0,0,0,0,0,0,0,0,0,0,0,0,0,0,0,0,0,0,0,0,0,0,0,0,0,0,0,0,0,0,0,0
grazed,araya,T68,1,0,0,2,0,0,0,0,0,0,0,0,17,0,0,3,0,0,0,0,0,0,0,0,17,0,0,6,0,0,0,0,0,0,0,0
grazed,araya,T69,0,0,0,0,0,0,0,0,0,0,0,0,0,0,0,0,0,0,0,0,0,0,0,0,0,0,0,0,0,0,0,0,0,0,0,0
grazed,araya,T70,0,0,0,0,0,0,0,0,0,0,0,0,0,0,0,0,0,0,0,0,0,0,0,0,0,0,0,0,0,0,0,0,0,0,0,0
grazed,araya,T71,0,0,0,0,0,0,0,0,0,0,0,0,0,0,0,0,0,0,0,0,0,0,0,0,0,0,0,0,0,0,0,0,0,0,0,0
grazed,araya,T72,2,0,0,13,0,0,0,0,0,0,0,0,2,0,0,18,0,0,0,0,0,0,0,0,4,0,0,234,0,0,0,0,0,0,0,0
grazed,araya,T73,6,0,0,1,0,0,0,0,0,0,0,0,16,0,0,3,0,0,0,0,0,0,0,0,96,0,0,3,0,0,0,0,0,0,0,0
grazed,araya,T74,3,1,0,6,0,0,0,1,0,0,0,0,4,1,0,14,0,0,0,1,0,0,0,0,12,1,0,84,0,0,0,1,0,0,0,0
grazed,araya,T75,0,0,0,8,0,0,0,0,0,0,0,0,0,0,0,20,0,0,0,0,0,0,0,0,0,0,0,180,0,0,0,0,0,0,0,0
grazed,araya,T76,0,0,0,4,0,0,0,0,0,0,0,0,0,0,0,20,0,0,0,0,0,0,0,0,0,0,0,80,0,0,0,0,0,0,0,0
grazed,araya,T77,0,0,0,0,0,3,0,0,0,0,0,0,0,0,0,0,0,19,0,0,0,0,0,0,0,0,0,0,0,57,0,0,0,0,0,0
grazed,araya,T78,1,0,0,0,0,3,0,0,0,0,0,0,2,0,0,0,0,17,0,0,0,0,0,0,2,0,0,0,0,41,0,0,0,0,0,0
grazed,araya,T79,0,1,0,0,0,2,0,0,0,0,0,0,0,2,0,0,0,18,0,0,0,0,0,0,0,2,0,0,0,36,0,0,0,0,0,0
grazed,araya,T80,0,0,0,2,0,0,2,0,0,0,2,0,0,0,0,7,0,0,8,0,0,0,5,0,0,0,0,14,0,0,16,0,0,0,10,0
grazed,araya,T81,2,1,0,0,0,0,0,0,0,0,1,0,16,1,0,0,0,0,0,0,0,0,1,0,32,1,0,0,0,0,0,0,0,0,1,0
grazed,araya,T82,5,0,0,0,0,1,0,0,0,0,0,0,16,0,0,0,0,1,0,0,0,0,0,0,80,0,0,0,0,1,0,0,0,0,0,0
grazed,araya,T83,0,0,0,0,0,0,0,0,0,0,1,0,0,0,0,0,0,0,0,0,0,0,20,0,0,0,0,0,0,0,0,0,0,0,20,0
grazed,araya,T84,1,2,0,0,0,0,0,0,0,0,0,0,1,18,0,0,0,0,0,0,0,0,0,0,1,36,0,0,0,0,0,0,0,0,0,0
grazed,araya,T85,0,2,0,0,0,0,0,0,0,0,0,0,0,20,0,0,0,0,0,0,0,0,0,0,0,40,0,0,0,0,0,0,0,0,0,0
grazed,araya,T86,11,0,0,1,0,0,0,0,0,0,0,0,18,0,0,2,0,0,0,0,0,0,0,0,198,0,0,2,0,0,0,0,0,0,0,0
grazed,araya,T87,3,0,1,0,0,0,0,0,0,0,0,0,5,0,10,0,0,0,0,0,0,0,0,0,15,0,10,0,0,0,0,0,0,0,0,0
grazed,araya,T88,1,2,0,0,0,0,0,0,0,0,0,0,2,18,0,0,0,0,0,0,0,0,0,0,2,36,0,0,0,0,0,0,0,0,0,0
grazed,araya,T89,0,0,0,0,0,0,0,0,0,0,2,0,0,0,0,0,0,0,0,0,0,0,20,0,0,0,0,0,0,0,0,0,0,0,40,0
grazed,araya,T90,9,0,0,7,0,1,0,0,0,0,0,0,10,0,0,8,0,1,0,0,0,0,0,0,90,0,0,56,0,1,0,0,0,0,0,0
grazed,bonito,T91,0,0,0,0,6,1,0,0,0,0,0,0,0,0,0,0,18,2,0,0,0,0,0,0,0,0,0,0,108,2,0,0,0,0,0,0
grazed,bonito,T92,0,2,0,0,0,0,0,0,0,0,0,0,0,20,0,0,0,0,0,0,0,0,0,0,0,40,0,0,0,0,0,0,0,0,0,0
grazed,bonito,T93,1,0,0,0,0,0,0,0,0,0,0,0,20,0,0,0,0,0,0,0,0,0,0,0,20,0,0,0,0,0,0,0,0,0,0,0
grazed,bonito,T94,0,7,0,0,0,0,0,0,0,0,0,0,0,20,0,0,0,0,0,0,0,0,0,0,0,140,0,0,0,0,0,0,0,0,0,0
grazed,bonito,T95,0,0,0,0,0,0,1,0,0,0,0,0,0,0,0,0,0,0,9,0,0,0,0,0,0,0,0,0,0,0,9,0,0,0,0,0
grazed,bonito,T96,9,0,0,0,0,0,0,0,2,0,0,0,8,0,0,0,0,0,0,0,3,0,0,0,72,0,0,0,0,0,0,0,6,0,0,0
grazed,bonito,T97,0,1,0,0,0,0,2,0,0,0,0,0,0,11,0,0,0,0,7,0,0,0,0,0,0,11,0,0,0,0,14,0,0,0,0,0
grazed,bonito,T98,0,2,0,0,0,0,0,0,0,0,0,0,0,20,0,0,0,0,0,0,0,0,0,0,0,40,0,0,0,0,0,0,0,0,0,0
grazed,bonito,T99,0,2,0,4,0,0,0,0,0,0,0,0,0,15,0,5,0,0,0,0,0,0,0,0,0,30,0,20,0,0,0,0,0,0,0,0
grazed,bonito,T100,1,0,0,1,0,0,0,0,0,0,0,0,13,0,0,7,0,0,0,0,0,0,0,0,13,0,0,7,0,0,0,0,0,0,0,0
grazed,bonito,T101,10,4,0,0,0,0,0,0,0,0,0,0,9,11,0,0,0,0,0,0,0,0,0,0,90,44,0,0,0,0,0,0,0,0,0,0
grazed,bonito,T102,0,0,0,1,0,0,0,0,0,0,0,0,0,0,0,11,0,0,0,0,0,0,0,0,0,0,0,11,0,0,0,0,0,0,0,0
grazed,bonito,T103,0,2,0,0,0,0,0,0,0,0,0,0,0,20,0,0,0,0,0,0,0,0,0,0,0,40,0,0,0,0,0,0,0,0,0,0
grazed,bonito,T104,0,0,0,0,0,0,0,0,0,0,0,0,0,0,0,0,0,0,0,0,0,0,0,0,0,0,0,0,0,0,0,0,0,0,0,0
grazed,bonito,T105,0,2,0,0,0,0,0,0,0,0,0,0,0,5,0,0,0,0,0,0,0,0,0,0,0,10,0,0,0,0,0,0,0,0,0,0
grazed,bonito,T106,6,0,0,0,0,0,0,0,0,0,1,0,9,0,0,0,0,0,0,0,0,0,6,0,54,0,0,0,0,0,0,0,0,0,6,0
grazed,bonito,T107,5,2,0,5,0,0,0,0,0,0,0,0,7,3,0,10,0,0,0,0,0,0,0,0,35,6,0,50,0,0,0,0,0,0,0,0
grazed,bonito,T108,1,0,0,0,0,0,0,0,0,0,0,0,20,0,0,0,0,0,0,0,0,0,0,0,20,0,0,0,0,0,0,0,0,0,0,0
grazed,bonito,T109,0,4,0,0,0,0,0,0,0,0,0,0,0,20,0,0,0,0,0,0,0,0,0,0,0,80,0,0,0,0,0,0,0,0,0,0
grazed,bonito,T110,1,6,0,1,0,0,0,0,0,0,0,0,3,15,0,3,0,0,0,0,0,0,0,0,3,90,0,3,0,0,0,0,0,0,0,0
grazed,bonito,T111,1,2,0,0,0,5,1,0,0,0,0,0,1,8,0,0,0,12,5,0,0,0,0,0,1,16,0,0,0,60,5,0,0,0,0,0
grazed,bonito,T112,4,0,0,0,0,0,1,0,0,0,0,0,18,0,0,0,0,0,2,0,0,0,0,0,72,0,0,0,0,0,2,0,0,0,0,0
grazed,bonito,T113,0,0,0,3,0,0,0,0,0,0,0,0,0,0,0,4,0,0,0,0,0,0,0,0,0,0,0,12,0,0,0,0,0,0,0,0
grazed,bonito,T114,5,0,0,0,0,0,1,0,0,0,0,0,7,0,0,0,0,0,13,0,0,0,0,0,35,0,0,0,0,0,13,0,0,0,0,0
grazed,bonito,T115,0,0,0,0,0,0,0,0,0,0,0,0,0,0,0,0,0,0,0,0,0,0,0,0,0,0,0,0,0,0,0,0,0,0,0,0
grazed,bonito,T116,2,1,0,0,0,0,0,0,0,0,0,0,4,16,0,0,0,0,0,0,0,0,0,0,8,16,0,0,0,0,0,0,0,0,0,0
grazed,bonito,T117,4,0,0,0,0,0,0,0,0,0,0,0,20,0,0,0,0,0,0,0,0,0,0,0,80,0,0,0,0,0,0,0,0,0,0,0
grazed,bonito,T118,3,1,0,1,0,0,0,0,0,0,1,0,8,1,0,1,0,0,0,0,0,0,10,0,24,1,0,1,0,0,0,0,0,0,10,0
grazed,bonito,T119,0,0,0,0,0,0,0,0,0,0,0,0,0,0,0,0,0,0,0,0,0,0,0,0,0,0,0,0,0,0,0,0,0,0,0,0
grazed,bonito,T120,4,4,0,1,0,0,0,0,0,0,0,0,8,10,0,2,0,0,0,0,0,0,0,0,32,40,0,2,0,0,0,0,0,0,0,0
ungrazed,protected1,T121,2,0,0,0,0,0,0,0,0,0,0,0,19,0,0,0,0,0,0,0,0,0,0,0,38,0,0,0,0,0,0,0,0,0,0,0
ungrazed,protected1,T122,0,0,0,0,0,1,0,0,0,2,0,0,0,0,0,0,0,9,0,0,0,6,0,0,0,0,0,0,0,9,0,0,0,12,0,0
ungrazed,protected1,T123,0,0,0,0,0,0,0,0,0,0,0,0,0,0,0,0,0,0,0,0,0,0,0,0,0,0,0,0,0,0,0,0,0,0,0,0
ungrazed,protected1,T124,0,0,0,2,0,0,0,0,0,0,0,0,0,0,0,3,0,0,0,0,0,0,0,0,0,0,0,6,0,0,0,0,0,0,0,0
ungrazed,protected1,T125,1,0,0,0,0,0,0,0,0,0,0,0,2,0,0,0,0,0,0,0,0,0,0,0,2,0,0,0,0,0,0,0,0,0,0,0
ungrazed,protected1,T126,0,0,0,0,0,0,0,0,0,0,0,0,0,0,0,0,0,0,0,0,0,0,0,0,0,0,0,0,0,0,0,0,0,0,0,0
ungrazed,protected1,T127,1,0,0,0,0,0,0,1,0,0,0,0,8,0,0,0,0,0,0,8,0,0,0,0,8,0,0,0,0,0,0,8,0,0,0,0
ungrazed,protected1,T128,7,0,0,1,0,0,0,0,0,0,0,0,10,0,0,1,0,0,0,0,0,0,0,0,10,0,0,1,0,0,0,0,0,0,0,0
ungrazed,protected1,T129,3,0,0,0,0,0,0,0,0,0,0,0,13,0,0,0,0,0,0,0,0,0,0,0,39,0,0,0,0,0,0,0,0,0,0,0
ungrazed,protected1,T130,0,0,0,2,0,0,0,0,0,0,0,0,0,0,0,16,0,0,0,0,0,0,0,0,0,0,0,32,0,0,0,0,0,0,0,0
ungrazed,protected1,T131,0,0,0,0,0,0,0,0,0,0,0,0,0,0,0,0,0,0,0,0,0,0,0,0,0,0,0,0,0,0,0,0,0,0,0,0
ungrazed,protected1,T132,1,0,0,0,0,0,0,0,0,0,0,0,1,0,0,0,0,0,0,0,0,0,0,0,1,0,0,0,0,0,0,0,0,0,0,0
ungrazed,protected1,T133,3,0,0,0,1,0,0,0,0,0,0,0,3,0,0,0,3,0,0,0,0,0,0,0,9,0,0,0,3,0,0,0,0,0,0,0
ungrazed,protected1,T134,4,0,0,0,0,0,0,0,0,0,0,0,5,0,0,0,0,0,0,0,0,0,0,0,20,0,0,0,0,0,0,0,0,0,0,0
ungrazed,protected1,T135,0,0,0,0,0,0,0,0,0,0,0,0,0,0,0,0,0,0,0,0,0,0,0,0,0,0,0,0,0,0,0,0,0,0,0,0
ungrazed,protected1,T136,2,0,0,0,0,0,0,0,0,0,0,0,2,0,0,0,0,0,0,0,0,0,0,0,4,0,0,0,0,0,0,0,0,0,0,0
ungrazed,protected1,T137,0,0,0,5,0,0,0,0,0,0,0,0,0,0,0,20,0,0,0,0,0,0,0,0,0,0,0,100,0,0,0,0,0,0,0,0
ungrazed,protected1,T138,0,0,0,4,0,0,0,0,0,0,0,0,0,0,0,20,0,0,0,0,0,0,0,0,0,0,0,80,0,0,0,0,0,0,0,0
ungrazed,protected1,T139,2,0,0,4,0,0,0,0,0,0,0,0,4,0,0,6,0,0,0,0,0,0,0,0,8,0,0,24,0,0,0,0,0,0,0,0
ungrazed,protected1,T140,9,0,0,0,0,0,0,0,0,0,0,0,20,0,0,0,0,0,0,0,0,0,0,0,180,0,0,0,0,0,0,0,0,0,0,0
ungrazed,protected1,T141,0,0,0,4,0,0,0,0,0,0,0,0,0,0,0,20,0,0,0,0,0,0,0,0,0,0,0,80,0,0,0,0,0,0,0,0
ungrazed,protected1,T142,6,0,0,0,0,0,1,0,0,0,0,0,17,0,0,0,0,0,3,0,0,0,0,0,102,0,0,0,0,0,3,0,0,0,0,0
ungrazed,protected1,T143,9,0,0,1,0,0,0,0,0,0,0,0,19,0,0,1,0,0,0,0,0,0,0,0,171,0,0,1,0,0,0,0,0,0,0,0
ungrazed,protected1,T144,13,0,0,0,0,0,0,0,0,0,0,0,19,0,0,0,0,0,0,0,0,0,0,0,247,0,0,0,0,0,0,0,0,0,0,0
ungrazed,protected1,T145,0,0,0,4,0,0,0,0,0,0,0,0,0,0,0,13,0,0,0,0,0,0,0,0,0,0,0,52,0,0,0,0,0,0,0,0
ungrazed,protected1,T146,13,0,0,0,0,0,0,0,0,0,0,0,20,0,0,0,0,0,0,0,0,0,0,0,260,0,0,0,0,0,0,0,0,0,0,0
ungrazed,protected1,T147,0,0,0,0,0,0,0,0,0,0,0,0,0,0,0,0,0,0,0,0,0,0,0,0,0,0,0,0,0,0,0,0,0,0,0,0
ungrazed,protected1,T148,3,0,0,2,0,1,0,0,0,0,0,0,4,0,0,7,0,9,0,0,0,0,0,0,12,0,0,14,0,9,0,0,0,0,0,0
ungrazed,protected1,T149,7,0,0,0,0,0,0,0,0,0,0,0,20,0,0,0,0,0,0,0,0,0,0,0,140,0,0,0,0,0,0,0,0,0,0,0
ungrazed,protected1,T150,0,0,0,0,0,0,0,0,0,0,0,0,0,0,0,0,0,0,0,0,0,0,0,0,0,0,0,0,0,0,0,0,0,0,0,0
ungrazed,protected1,T151,0,0,0,13,0,0,0,1,0,0,0,0,0,0,0,19,0,0,0,1,0,0,0,0,0,0,0,247,0,0,0,1,0,0,0,0
ungrazed,protected1,T152,0,0,0,1,0,0,0,0,0,0,0,0,0,0,0,11,0,0,0,0,0,0,0,0,0,0,0,11,0,0,0,0,0,0,0,0
ungrazed,protected1,T153,11,0,0,0,0,0,0,0,0,0,0,0,16,0,0,0,0,0,0,0,0,0,0,0,176,0,0,0,0,0,0,0,0,0,0,0
ungrazed,protected1,T154,8,0,0,1,0,0,0,0,0,0,0,0,11,0,0,3,0,0,0,0,0,0,0,0,88,0,0,3,0,0,0,0,0,0,0,0
ungrazed,protected1,T155,0,0,0,0,0,0,0,0,0,0,0,0,0,0,0,0,0,0,0,0,0,0,0,0,0,0,0,0,0,0,0,0,0,0,0,0
ungrazed,protected1,T156,10,0,0,0,0,0,0,0,0,0,0,0,18,0,0,0,0,0,0,0,0,0,0,0,180,0,0,0,0,0,0,0,0,0,0,0
ungrazed,protected1,T157,0,0,0,7,0,0,0,0,0,0,0,0,0,0,0,20,0,0,0,0,0,0,0,0,0,0,0,140,0,0,0,0,0,0,0,0
ungrazed,protected1,T158,0,0,0,2,0,3,0,0,0,0,0,0,0,0,0,5,0,9,0,0,0,0,0,0,0,0,0,10,0,27,0,0,0,0,0,0
ungrazed,protected1,T159,0,0,0,0,3,0,0,0,0,0,0,0,0,0,0,0,15,0,0,0,0,0,0,0,0,0,0,0,45,0,0,0,0,0,0,0
ungrazed,protected1,T160,4,0,0,0,0,0,0,0,0,0,0,0,20,0,0,0,0,0,0,0,0,0,0,0,80,0,0,0,0,0,0,0,0,0,0,0
ungrazed,protected2,T161,0,0,0,4,0,0,0,0,0,0,0,0,0,0,0,20,0,0,0,0,0,0,0,0,0,0,0,80,0,0,0,0,0,0,0,0
ungrazed,protected2,T162,0,0,0,10,0,0,0,0,0,0,0,0,0,0,0,20,0,0,0,0,0,0,0,0,0,0,0,200,0,0,0,0,0,0,0,0
ungrazed,protected2,T163,7,6,0,4,0,0,0,0,0,0,0,0,7,6,0,7,0,0,0,0,0,0,0,0,49,36,0,28,0,0,0,0,0,0,0,0
ungrazed,protected2,T164,3,4,0,4,0,0,0,0,0,0,0,0,4,9,0,7,0,0,0,0,0,0,0,0,12,36,0,28,0,0,0,0,0,0,0,0
ungrazed,protected2,T165,0,0,0,14,0,0,0,0,0,0,0,0,0,0,0,20,0,0,0,0,0,0,0,0,0,0,0,280,0,0,0,0,0,0,0,0
ungrazed,protected2,T166,1,0,0,14,0,0,0,0,0,0,0,0,1,0,0,19,0,0,0,0,0,0,0,0,1,0,0,266,0,0,0,0,0,0,0,0
ungrazed,protected2,T167,0,0,0,9,0,0,0,0,0,0,0,0,0,0,0,20,0,0,0,0,0,0,0,0,0,0,0,180,0,0,0,0,0,0,0,0
ungrazed,protected2,T168,0,0,0,12,0,0,0,0,0,0,0,0,0,0,0,20,0,0,0,0,0,0,0,0,0,0,0,240,0,0,0,0,0,0,0,0
ungrazed,protected2,T169,1,0,0,4,0,0,0,0,0,0,0,0,1,0,0,19,0,0,0,0,0,0,0,0,1,0,0,76,0,0,0,0,0,0,0,0
ungrazed,protected2,T170,2,0,0,9,0,0,0,0,0,0,0,0,2,0,0,18,0,0,0,0,0,0,0,0,4,0,0,162,0,0,0,0,0,0,0,0
ungrazed,protected2,T171,2,4,0,5,0,0,0,0,0,0,0,0,4,8,0,8,0,0,0,0,0,0,0,0,8,32,0,40,0,0,0,0,0,0,0,0
ungrazed,protected2,T172,0,0,0,16,0,0,0,0,0,0,0,0,0,0,0,20,0,0,0,0,0,0,0,0,0,0,0,320,0,0,0,0,0,0,0,0
ungrazed,protected2,T173,6,12,0,0,0,0,0,0,0,0,0,0,8,12,0,0,0,0,0,0,0,0,0,0,48,144,0,0,0,0,0,0,0,0,0,0
ungrazed,protected2,T174,5,2,0,11,0,0,0,0,0,0,0,0,5,2,0,13,0,0,0,0,0,0,0,0,25,4,0,143,0,0,0,0,0,0,0,0
ungrazed,protected2,T175,2,0,0,10,0,1,0,0,0,0,0,0,2,0,0,16,0,2,0,0,0,0,0,0,4,0,0,160,0,2,0,0,0,0,0,0
ungrazed,protected2,T176,0,0,0,8,0,0,0,0,0,0,0,0,0,0,0,20,0,0,0,0,0,0,0,0,0,0,0,160,0,0,0,0,0,0,0,0
ungrazed,protected2,T177,2,0,0,3,0,1,0,0,0,0,0,0,12,0,0,6,0,2,0,0,0,0,0,0,12,0,0,18,0,2,0,0,0,0,0,0
ungrazed,protected2,T178,0,0,1,5,0,0,0,0,0,0,0,0,0,0,3,17,0,0,0,0,0,0,0,0,0,0,3,85,0,0,0,0,0,0,0,0
ungrazed,protected2,T179,11,1,1,3,0,0,0,0,0,0,0,0,13,1,2,3,0,0,0,0,0,0,0,0,143,1,2,9,0,0,0,0,0,0,0,0
ungrazed,protected2,T180,2,3,0,4,0,0,0,0,0,0,0,0,4,5,0,11,0,0,0,0,0,0,0,0,8,15,0,44,0,0,0,0,0,0,0,0
ungrazed,protected2,T181,8,2,1,4,0,0,0,0,0,0,0,0,12,2,1,5,0,0,0,0,0,0,0,0,96,4,1,20,0,0,0,0,0,0,0,0
ungrazed,protected2,T182,4,4,0,0,0,0,0,0,0,0,0,0,5,11,0,0,0,0,0,0,0,0,0,0,20,44,0,0,0,0,0,0,0,0,0,0
ungrazed,protected2,T183,3,0,0,2,0,0,0,0,0,0,0,0,8,0,0,12,0,0,0,0,0,0,0,0,24,0,0,24,0,0,0,0,0,0,0,0
ungrazed,protected2,T184,1,2,0,3,0,0,0,0,0,0,0,0,1,9,0,10,0,0,0,0,0,0,0,0,1,18,0,30,0,0,0,0,0,0,0,0
ungrazed,protected2,T185,1,1,0,1,0,0,0,0,0,0,0,0,5,14,0,1,0,0,0,0,0,0,0,0,5,14,0,1,0,0,0,0,0,0,0,0
ungrazed,protected2,T186,0,0,0,2,0,0,0,0,0,0,0,0,0,0,0,3,0,0,0,0,0,0,0,0,0,0,0,6,0,0,0,0,0,0,0,0
ungrazed,protected2,T187,0,0,0,1,0,0,0,0,0,0,0,0,0,0,0,2,0,0,0,0,0,0,0,0,0,0,0,2,0,0,0,0,0,0,0,0
ungrazed,protected2,T188,0,0,0,0,0,0,0,0,0,0,0,0,0,0,0,0,0,0,0,0,0,0,0,0,0,0,0,0,0,0,0,0,0,0,0,0
ungrazed,protected2,T189,0,0,0,0,0,0,0,0,0,0,0,0,0,0,0,0,0,0,0,0,0,0,0,0,0,0,0,0,0,0,0,0,0,0,0,0
ungrazed,protected2,T190,5,9,0,1,0,0,0,0,0,0,0,0,5,15,0,1,0,0,0,0,0,0,0,0,25,135,0,1,0,0,0,0,0,0,0,0
